City_ID,City,Country,Date,Lat,Lng,Max Temp,Humidity,Cloudiness,Wind Speed
0,Kamaishi,JP,2020-10-27 18:04:23,39.27,141.88,50.95,72,44,4.76
1,Port Elizabeth,ZA,2020-10-27 18:02:13,-33.92,25.57,64.4,88,0,11.41
2,Vaitape,PF,2020-10-27 18:05:12,-16.52,-151.75,80.55,81,97,18.59
3,Carnarvon,AU,2020-10-27 18:05:12,-24.87,113.63,68.0,88,75,24.16
4,Puerto Ayora,EC,2020-10-27 18:04:15,-0.74,-90.35,73.4,78,75,16.11
5,Bethel,US,2020-10-27 18:01:44,41.37,-73.41,55.99,61,82,1.99
6,Lazaro Cardenas,MX,2020-10-27 18:05:13,17.96,-102.2,85.44,73,92,3.94
7,Chandbali,IN,2020-10-27 18:05:13,20.78,86.77,74.75,64,0,3.94
8,Vaini,TO,2020-10-27 18:02:03,-21.2,-175.2,69.8,94,75,9.17
9,Portland,US,2020-10-27 18:03:21,45.52,-122.68,48.99,73,5,1.45
10,Gore,NZ,2020-10-27 18:05:13,-46.1,168.94,39.0,93,20,1.57
11,Hasaki,JP,2020-10-27 18:05:13,35.73,140.83,53.6,93,20,5.82
12,Russkaya Polyana,UA,2020-10-27 18:05:13,49.42,31.92,52.66,67,0,9.26
13,Asau,RO,2020-10-27 18:05:13,46.43,26.4,50.0,98,0,0.96
14,Zharkent,KZ,2020-10-27 18:05:14,44.16,80.0,50.07,43,48,2.37
15,Georgetown,MY,2020-10-27 18:05:14,5.41,100.34,80.6,83,20,4.43
16,Maryville,US,2020-10-27 18:05:14,35.76,-83.97,69.8,77,75,5.3
17,Suez,EG,2020-10-27 18:05:14,29.97,32.53,74.73,68,0,15.1
18,Punta Arenas,CL,2020-10-27 18:03:57,-53.15,-70.92,50.0,39,40,21.92
19,Dikson,RU,2020-10-27 18:01:49,73.51,80.55,9.9,96,100,17.27
20,Lexington Park,US,2020-10-27 18:05:14,38.27,-76.45,66.2,72,90,3.36
21,Yellowknife,CA,2020-10-27 18:00:33,62.46,-114.35,17.6,72,90,13.87
22,Shihezi,CN,2020-10-27 18:05:15,44.3,86.03,43.92,52,29,4.36
23,Ust-Omchug,RU,2020-10-27 18:05:15,61.15,149.63,13.23,88,0,0.16
24,Jamestown,US,2020-10-27 18:05:15,42.1,-79.24,46.99,81,90,6.93
25,Coihaique,CL,2020-10-27 18:00:22,-45.58,-72.07,46.4,65,75,4.7
26,Svetlaya,RU,2020-10-27 18:05:15,46.54,138.33,40.66,78,78,4.63
27,Souillac,MU,2020-10-27 18:01:44,-20.52,57.52,72.0,76,29,3.0
28,Poum,NC,2020-10-27 18:05:16,-20.23,164.02,76.21,77,84,17.9
29,Kapaa,US,2020-10-27 18:00:17,22.08,-159.32,71.6,83,90,5.82
30,Hilo,US,2020-10-27 18:05:16,19.73,-155.09,73.4,88,40,3.36
31,Bengkulu,ID,2020-10-27 18:02:02,-3.8,102.27,75.79,85,90,4.36
32,Longyearbyen,SJ,2020-10-27 18:03:03,78.22,15.64,32.0,93,75,11.41
33,Ushuaia,AR,2020-10-27 18:05:16,-54.8,-68.3,46.4,45,40,18.34
34,Kirakira,SB,2020-10-27 18:05:17,-10.45,161.92,79.25,83,86,8.34
35,Doume,CM,2020-10-27 18:05:17,4.23,13.45,72.39,86,79,3.09
36,Bluff,NZ,2020-10-27 18:05:17,-46.6,168.33,39.0,93,4,6.76
37,Karatuzskoye,RU,2020-10-27 18:05:17,53.61,92.87,34.18,85,76,4.59
38,Santa Maria Del Oro,MX,2020-10-27 18:05:17,25.93,-105.37,75.81,25,20,23.58
39,Nanortalik,GL,2020-10-27 18:05:17,60.14,-45.24,31.01,89,100,3.96
40,Atuona,PF,2020-10-27 18:05:17,-9.8,-139.03,78.46,75,39,21.74
41,Axim,GH,2020-10-27 18:05:17,4.87,-2.24,78.8,87,100,9.8
42,Yerbogachen,RU,2020-10-27 18:05:18,61.28,108.01,19.29,97,69,2.77
43,Barrow,US,2020-10-27 18:01:30,71.29,-156.79,30.2,80,90,13.87
44,Anahuac,MX,2020-10-27 18:05:18,27.23,-100.15,42.8,100,90,11.41
45,Olafsvik,IS,2020-10-27 18:05:18,64.89,-23.71,39.51,72,100,20.8
46,Bukachacha,RU,2020-10-27 18:05:19,52.98,116.92,18.37,89,0,3.49
47,Nikolskoye,RU,2020-10-27 18:05:19,59.7,30.79,53.6,76,75,8.95
48,Bredasdorp,ZA,2020-10-27 18:02:00,-34.53,20.04,66.2,72,90,10.29
49,Palauig,PH,2020-10-27 18:05:19,15.44,119.9,80.58,77,100,7.74
50,Ponta Do Sol,PT,2020-10-27 18:05:19,32.67,-17.1,68.0,68,75,8.05
51,Hobart,AU,2020-10-27 18:03:52,-42.88,147.33,48.2,93,40,2.91
52,Arraial Do Cabo,BR,2020-10-27 18:05:19,-22.97,-42.03,82.4,69,0,12.75
53,Airai,TL,2020-10-27 18:04:56,-8.93,125.41,61.07,100,91,1.16
54,Mataura,NZ,2020-10-27 18:01:29,-46.19,168.86,39.0,93,17,1.88
55,Inhambane,MZ,2020-10-27 18:05:20,-23.86,35.38,73.67,86,14,10.45
56,Busselton,AU,2020-10-27 18:05:20,-33.65,115.33,60.01,74,57,10.85
57,Joinville,BR,2020-10-27 18:05:20,-26.3,-48.85,86.0,58,20,13.87
58,Thompson,CA,2020-10-27 18:01:13,55.74,-97.86,26.6,73,90,5.82
59,Rikitea,PF,2020-10-27 18:05:21,-23.12,-134.97,75.2,84,77,16.49
60,Port Lincoln,AU,2020-10-27 18:05:21,-34.73,135.87,55.33,85,0,5.91
61,Paamiut,GL,2020-10-27 18:03:24,61.99,-49.67,28.9,87,3,18.23
62,Paciran,ID,2020-10-27 18:05:21,-6.88,112.38,79.12,83,100,5.66
63,Bereda,ES,2020-10-27 18:03:29,43.27,-7.54,57.99,100,98,11.99
64,Leh,IN,2020-10-27 18:05:21,34.17,77.58,32.25,64,0,0.51
65,Derveni,GR,2020-10-27 18:05:22,38.13,22.42,63.0,50,0,1.99
66,Mayo,US,2020-10-27 18:05:19,38.89,-76.51,64.0,77,90,4.7
67,General Roca,AR,2020-10-27 18:05:22,-39.03,-67.58,68.0,32,75,13.87
68,Codrington,AU,2020-10-27 18:02:55,-38.27,141.97,46.31,93,19,5.77
69,Mansehra,PK,2020-10-27 18:05:22,34.33,73.2,57.7,36,0,4.63
70,Mar Del Plata,AR,2020-10-27 18:03:31,-38.0,-57.56,69.8,43,0,5.82
71,Chuy,UY,2020-10-27 18:05:23,-33.7,-53.46,63.46,88,100,16.26
72,Faanui,PF,2020-10-27 18:05:23,-16.48,-151.75,79.77,82,80,18.12
73,Upernavik,GL,2020-10-27 18:05:23,72.79,-56.15,17.96,84,0,6.71
74,Avarua,CK,2020-10-27 18:02:35,-21.21,-159.78,69.8,88,100,3.36
75,San Cristobal,VE,2020-10-27 18:03:08,7.77,-72.22,87.8,58,40,8.05
76,Butaritari,KI,2020-10-27 18:01:55,3.07,172.79,80.82,70,80,8.55
77,Buraydah,SA,2020-10-27 18:05:23,26.33,43.98,78.8,21,0,6.93
78,Luanda,AO,2020-10-27 18:03:38,-8.84,13.23,78.8,83,75,9.17
79,Hithadhoo,MV,2020-10-27 18:04:22,-0.6,73.08,83.77,67,74,9.31
80,Korla,CN,2020-10-27 18:05:24,41.76,86.15,39.0,93,12,1.99
81,Katsuura,JP,2020-10-27 18:05:24,35.13,140.3,59.0,77,20,8.05
82,Zhigansk,RU,2020-10-27 18:04:32,66.77,123.37,-3.84,92,89,2.42
83,Hami,CN,2020-10-27 18:05:24,42.8,93.45,45.48,46,69,7.16
84,Mount Gambier,AU,2020-10-27 18:02:31,-37.83,140.77,46.4,93,11,4.7
85,Dicabisagan,PH,2020-10-27 18:05:24,17.08,122.42,79.32,79,83,1.52
86,Qunduz,AF,2020-10-27 18:05:25,36.73,68.86,57.45,33,100,3.15
87,Mafinga,TZ,2020-10-27 18:05:25,-7.25,35.07,76.44,52,85,9.82
88,Beringovskiy,RU,2020-10-27 18:05:25,63.05,179.32,27.59,92,79,11.79
89,Mangan,IN,2020-10-27 18:05:25,27.52,88.53,65.14,29,0,5.28
90,Buala,SB,2020-10-27 18:05:25,-8.14,159.59,79.45,80,15,0.54
91,Zalantun,CN,2020-10-27 18:05:26,48.0,122.72,29.25,88,0,7.65
92,Amahai,ID,2020-10-27 18:01:42,-3.33,128.92,81.0,93,51,2.98
93,Havoysund,NO,2020-10-27 18:03:07,71.0,24.66,30.2,86,0,1.12
94,Sayyan,YE,2020-10-27 18:05:26,15.17,44.32,53.06,36,38,4.74
95,Sitka,US,2020-10-27 18:04:03,57.05,-135.33,44.6,93,90,3.4
96,Torbay,CA,2020-10-27 18:03:18,47.67,-52.73,42.8,100,90,10.29
97,Ribeira Grande,PT,2020-10-27 18:02:39,38.52,-28.7,68.0,60,40,6.93
98,Pirgos,GR,2020-10-27 18:05:27,35.12,25.72,68.0,69,22,5.01
99,Faya,SA,2020-10-27 18:05:27,18.39,42.45,68.0,16,0,6.93
100,Marystown,CA,2020-10-27 18:05:27,47.17,-55.15,54.0,100,100,5.01
101,Atambua,ID,2020-10-27 18:05:27,-9.11,124.89,75.6,81,90,1.3
102,Jaffna,LK,2020-10-27 18:05:27,9.67,80.01,80.69,76,0,4.97
103,Maningrida,AU,2020-10-27 18:05:27,-12.07,134.27,77.13,81,59,4.23
104,Port Moresby,PG,2020-10-27 18:05:27,-9.44,147.18,77.0,88,75,5.82
105,Trat,TH,2020-10-27 18:05:28,12.5,102.5,74.53,91,100,3.33
106,Bobo Dioulasso,BF,2020-10-27 18:05:28,11.18,-4.3,89.6,35,100,5.82
107,New Norfolk,AU,2020-10-27 18:05:28,-42.78,147.06,46.0,85,98,1.59
108,Hamilton,US,2020-10-27 18:04:24,39.18,-84.53,52.0,76,90,3.36
109,Vilela,PT,2020-10-27 18:05:28,41.23,-7.6,57.0,8,95,4.0
110,Clyde River,CA,2020-10-27 18:02:50,70.47,-68.59,14.0,61,75,6.93
111,Puerto Palomas,MX,2020-10-27 18:05:29,31.77,-107.62,28.4,86,90,21.92
112,Asfi,MA,2020-10-27 18:03:10,32.3,-9.24,65.84,65,0,21.5
113,Rulenge,TZ,2020-10-27 18:05:29,-2.72,30.63,66.49,84,84,1.45
114,Lebu,CL,2020-10-27 18:02:07,-37.62,-73.65,54.25,64,19,12.53
115,Saskylakh,RU,2020-10-27 18:05:29,71.92,114.08,3.18,92,97,8.08
116,Cabo San Lucas,MX,2020-10-27 18:03:07,22.89,-109.91,82.99,61,5,2.42
117,Ipixuna,BR,2020-10-27 18:05:29,-1.76,-48.8,86.0,74,75,11.41
118,Lasa,IT,2020-10-27 18:02:49,46.62,10.7,43.0,80,40,3.36
119,Lumeje,AO,2020-10-27 18:05:30,-11.55,20.78,73.0,71,100,8.19
120,Mount Isa,AU,2020-10-27 18:05:16,-20.73,139.5,68.0,16,0,16.11
121,Price,US,2020-10-27 18:05:30,39.6,-110.81,28.4,33,1,5.82
122,Khatanga,RU,2020-10-27 18:04:12,71.97,102.5,2.5,93,98,13.4
123,Tabora,TZ,2020-10-27 18:05:30,-5.02,32.8,68.0,88,75,4.7
124,Muravlenko,RU,2020-10-27 18:05:31,63.79,74.52,3.63,94,28,12.06
125,Port Alfred,ZA,2020-10-27 18:05:31,-33.59,26.89,70.54,88,75,2.64
126,Monticello,US,2020-10-27 18:05:31,45.31,-93.79,30.2,58,1,15.3
127,Mahebourg,MU,2020-10-27 18:05:31,-20.41,57.7,72.0,76,13,3.0
128,Qaanaaq,GL,2020-10-27 18:01:55,77.48,-69.36,9.32,79,80,12.53
129,Gondal,IN,2020-10-27 18:05:31,21.97,70.8,76.57,37,0,3.89
130,Manicore,BR,2020-10-27 18:05:31,-5.81,-61.3,78.01,82,100,2.64
131,Marsh Harbour,BS,2020-10-27 18:05:31,26.54,-77.06,82.53,75,0,12.57
132,Bambous Virieux,MU,2020-10-27 18:02:28,-20.34,57.76,72.0,76,8,3.0
133,Sonoita,MX,2020-10-27 18:05:32,31.85,-112.83,55.0,22,0,1.99
134,Fortuna,US,2020-10-27 18:05:17,40.6,-124.16,59.0,22,1,5.82
135,The Valley,AI,2020-10-27 18:02:50,18.22,-63.06,84.99,88,75,14.99
136,Castro,BR,2020-10-27 18:02:24,-24.79,-50.01,77.41,41,24,8.08
137,Tasiilaq,GL,2020-10-27 18:01:59,65.61,-37.64,33.8,47,75,17.22
138,Leningradskiy,RU,2020-10-27 18:05:32,69.38,178.42,17.58,90,36,18.86
139,Kaitangata,NZ,2020-10-27 18:05:33,-46.28,169.85,46.99,82,5,1.99
140,Hervey Bay,AU,2020-10-27 18:05:11,-25.3,152.85,68.0,93,90,6.93
141,Naze,JP,2020-10-27 18:04:52,28.37,129.48,66.2,88,20,2.24
142,Pitimbu,BR,2020-10-27 18:05:33,-7.47,-34.81,86.0,62,40,13.87
143,Saint-Philippe,RE,2020-10-27 18:05:33,-21.36,55.77,75.2,73,75,7.16
144,Lorengau,PG,2020-10-27 18:00:51,-2.02,147.27,80.37,76,86,0.27
145,Dwarka,IN,2020-10-27 18:05:33,22.24,68.97,81.97,57,0,12.17
146,Motygino,RU,2020-10-27 18:05:34,58.18,94.76,31.51,98,100,5.57
147,Mahanoro,MG,2020-10-27 18:04:33,-19.9,48.8,72.12,83,19,3.27
148,Roald,NO,2020-10-27 18:05:00,62.58,6.13,46.4,75,75,4.7
149,Albany,US,2020-10-27 18:05:34,42.6,-73.97,52.0,58,87,1.01
150,Esperance,AU,2020-10-27 18:04:30,-33.87,121.9,55.4,100,29,4.7
151,Sardarpur,IN,2020-10-27 18:05:34,22.68,74.95,72.45,39,0,1.3
152,Heide,DE,2020-10-27 18:05:35,54.2,9.1,50.0,89,100,16.08
153,Cloppenburg,DE,2020-10-27 18:05:35,52.85,8.03,52.0,79,84,1.01
154,Gamba,GA,2020-10-27 18:03:20,-2.65,10.0,77.5,85,51,7.72
155,Kodiak,US,2020-10-27 18:05:35,57.79,-152.41,37.4,69,1,6.93
156,Ati,TD,2020-10-27 18:05:35,13.22,18.34,91.22,14,0,8.28
157,Peterhead,GB,2020-10-27 18:02:52,57.51,-1.8,50.0,87,75,11.41
158,Nador,MA,2020-10-27 18:03:52,35.17,-2.93,66.2,52,0,8.05
159,Oistins,BB,2020-10-27 18:05:35,13.07,-59.53,86.0,74,40,19.46
160,Grindavik,IS,2020-10-27 18:05:36,63.84,-22.43,41.0,56,0,24.16
161,Bandarbeyla,SO,2020-10-27 18:00:45,9.49,50.81,76.57,81,2,12.3
162,Nogales,MX,2020-10-27 18:05:36,31.31,-110.94,50.0,24,1,3.36
163,Takoradi,GH,2020-10-27 18:05:36,4.88,-1.76,78.93,87,100,10.31
164,Pisco,PE,2020-10-27 18:02:11,-13.7,-76.22,69.8,68,0,9.17
165,Shenzhen,CN,2020-10-27 18:04:48,22.55,114.07,77.0,79,77,1.01
166,Grand Gaube,MU,2020-10-27 18:05:37,-20.01,57.66,72.0,76,8,3.0
167,Benguela,AO,2020-10-27 18:05:37,-12.58,13.41,76.1,78,11,5.28
168,Vila Franca Do Campo,PT,2020-10-27 18:05:05,37.72,-25.43,66.2,63,75,11.41
169,Tazovskiy,RU,2020-10-27 18:04:06,67.47,78.7,-3.3,90,0,8.59
170,Srednekolymsk,RU,2020-10-27 18:05:37,67.45,153.68,14.32,89,94,4.88
171,Plouzane,FR,2020-10-27 18:05:37,48.38,-4.62,53.6,87,57,6.93
172,Smolenka,RU,2020-10-27 18:05:37,52.14,113.5,19.4,67,2,4.47
173,College,US,2020-10-27 18:04:42,64.86,-147.8,26.6,92,90,3.27
174,San Patricio,US,2020-10-27 18:05:38,28.02,-97.52,60.8,87,90,14.99
175,Uruzgan,AF,2020-10-27 18:03:21,32.83,66.0,39.9,67,0,0.04
176,Yeppoon,AU,2020-10-27 18:05:38,-23.13,150.73,68.0,94,63,4.7
177,Fez,MA,2020-10-27 18:00:43,34.04,-5.0,62.6,51,20,4.7
178,Banda Aceh,ID,2020-10-27 18:05:38,5.56,95.32,80.02,76,72,13.44
179,Chokurdakh,RU,2020-10-27 18:05:38,70.63,147.92,9.27,96,100,1.05
180,Provideniya,RU,2020-10-27 18:05:38,64.38,-173.3,29.93,95,90,3.06
181,Cape Town,ZA,2020-10-27 18:01:02,-33.93,18.42,64.4,72,40,3.36
182,Izvestkovyy,RU,2020-10-27 18:05:39,48.98,131.55,34.14,94,99,0.72
183,Galle,LK,2020-10-27 18:05:39,6.04,80.22,79.12,86,100,7.18
184,Cidreira,BR,2020-10-27 18:05:39,-30.18,-50.21,64.87,78,93,16.8
185,Manono,CD,2020-10-27 18:05:39,-7.3,27.42,74.93,76,78,3.6
186,Kavieng,PG,2020-10-27 18:03:57,-2.57,150.8,81.9,69,42,2.68
187,Abonnema,NG,2020-10-27 18:05:39,4.71,6.79,80.6,83,40,3.36
188,La Ronge,CA,2020-10-27 18:02:54,55.1,-105.28,28.4,86,90,4.7
189,Batagay,RU,2020-10-27 18:05:39,67.63,134.63,6.12,94,100,2.8
190,Cherskiy,RU,2020-10-27 18:02:05,68.75,161.3,8.06,94,73,7.56
191,Narsaq,GL,2020-10-27 18:00:49,60.92,-46.05,33.8,69,75,3.36
192,Muros,ES,2020-10-27 18:05:40,42.78,-9.06,60.01,93,100,1.99
193,Balkanabat,TM,2020-10-27 18:05:40,39.51,54.37,62.37,34,0,14.92
194,Quang Ngai,VN,2020-10-27 18:05:40,15.12,108.8,74.03,94,100,23.89
195,Petropavlovsk-Kamchatskiy,RU,2020-10-27 18:05:26,53.05,158.65,32.0,78,19,4.47
196,Klaksvik,FO,2020-10-27 18:05:41,62.23,-6.59,42.8,75,51,9.17
197,Matay,EG,2020-10-27 18:02:36,28.42,30.78,76.24,35,0,8.3
198,Aksarka,RU,2020-10-27 18:05:41,66.56,67.8,4.39,93,100,5.55
199,Hermanus,ZA,2020-10-27 18:00:57,-34.42,19.23,63.0,89,99,1.99
200,Coahuayana,MX,2020-10-27 18:05:41,18.73,-103.68,80.6,78,75,4.68
201,Atikokan,CA,2020-10-27 18:05:41,48.76,-91.62,25.14,85,98,11.97
202,Dongsheng,CN,2020-10-27 18:05:41,39.82,109.98,37.04,58,100,6.55
203,Bamiantong,CN,2020-10-27 18:05:42,44.93,130.53,33.75,85,8,4.72
204,Kudahuvadhoo,MV,2020-10-27 18:05:42,2.67,72.89,82.58,77,9,11.65
205,Broome,US,2020-10-27 18:04:17,42.25,-75.83,50.0,75,90,5.82
206,Pudozh,RU,2020-10-27 18:05:42,61.81,36.53,47.8,81,100,11.14
207,Soe,ID,2020-10-27 18:05:43,-9.86,124.28,67.73,98,89,2.66
208,Challans,FR,2020-10-27 18:05:43,46.84,-1.87,59.0,93,75,9.17
209,Luderitz,NA,2020-10-27 18:05:43,-26.65,15.16,59.85,73,52,12.12
210,Ixtapa,MX,2020-10-27 18:02:21,20.7,-105.2,88.0,58,40,3.36
211,Bac Lieu,VN,2020-10-27 18:05:43,9.29,105.72,78.12,87,100,11.95
212,Sesheke,ZM,2020-10-27 18:05:44,-17.48,24.3,84.06,20,8,6.91
213,East London,ZA,2020-10-27 18:00:50,-33.02,27.91,69.8,88,0,4.7
214,Nelson Bay,AU,2020-10-27 18:05:44,-32.72,152.15,59.0,93,40,5.99
215,Tuktoyaktuk,CA,2020-10-27 18:05:44,69.45,-133.04,10.4,92,90,13.87
216,Kaoma,ZM,2020-10-27 18:05:44,-14.78,24.8,76.95,34,78,1.41
217,Hambantota,LK,2020-10-27 18:05:44,6.12,81.12,79.57,82,96,9.84
218,Acapulco,MX,2020-10-27 18:02:00,16.86,-99.89,84.2,79,90,3.36
219,Syriam,MM,2020-10-27 18:05:45,16.77,96.24,78.8,94,40,8.05
220,Te Anau,NZ,2020-10-27 18:05:45,-45.42,167.72,39.85,90,31,1.52
221,Bud,US,2020-10-27 18:04:48,39.45,-86.18,46.99,93,90,3.58
222,Port Hardy,CA,2020-10-27 18:05:45,50.7,-127.42,46.4,93,90,10.29
223,Katsina,NG,2020-10-27 18:05:45,12.99,7.6,82.9,23,0,3.2
224,Shimoda,JP,2020-10-27 18:02:40,34.67,138.95,53.01,83,4,7.25
225,Goba,ET,2020-10-27 18:05:46,7.02,39.98,51.13,84,97,2.28
226,Kieta,PG,2020-10-27 18:04:23,-6.22,155.63,78.64,77,4,2.13
227,Victoria,HK,2020-10-27 18:02:46,22.29,114.16,77.0,75,87,3.0
228,Sao Filipe,CV,2020-10-27 18:01:58,14.9,-24.5,82.17,68,96,10.8
229,Constitucion,CL,2020-10-27 18:05:46,-35.33,-72.42,57.97,73,90,8.66
230,Bodden Town,KY,2020-10-27 18:05:47,19.28,-81.25,87.8,70,40,13.87
231,Ilulissat,GL,2020-10-27 18:05:43,69.22,-51.1,9.55,92,75,3.44
232,Bay Roberts,CA,2020-10-27 18:05:47,47.6,-53.26,54.0,100,90,10.29
233,Geraldton,AU,2020-10-27 18:05:07,-28.77,114.6,62.6,72,75,9.17
234,Karlovo,BG,2020-10-27 18:01:37,42.63,24.8,57.0,81,75,4.7
235,La Palma,US,2020-10-27 18:05:47,33.85,-118.05,73.99,20,40,3.36
236,Beidao,CN,2020-10-27 18:01:55,34.57,105.89,45.73,77,100,1.83
237,Araouane,ML,2020-10-27 18:05:48,18.9,-3.53,92.84,11,23,7.43
238,Coquimbo,CL,2020-10-27 18:01:45,-29.95,-71.34,60.8,63,40,10.29
239,Oranjemund,NA,2020-10-27 18:04:26,-28.55,16.43,59.41,80,60,9.33
240,Brae,GB,2020-10-27 18:05:48,60.4,-1.35,50.0,71,75,9.17
241,Tura,IN,2020-10-27 18:01:54,25.52,90.22,69.66,88,1,4.07
242,Angoche,MZ,2020-10-27 18:05:48,-16.23,39.91,78.51,80,0,6.4
243,Pskov,RU,2020-10-27 18:05:48,57.81,28.35,53.6,81,90,11.18
244,Harper,LR,2020-10-27 18:02:13,4.38,-7.72,79.0,85,100,6.82
245,Hayrabolu,TR,2020-10-27 18:01:07,41.21,27.11,62.6,93,20,9.17
246,Baculin,PH,2020-10-27 18:05:49,7.45,126.58,78.06,82,90,5.91
247,Yar-Sale,RU,2020-10-27 18:05:42,66.83,70.83,4.01,93,42,7.07
248,Mineiros,BR,2020-10-27 18:01:10,-17.57,-52.55,84.96,54,64,7.58
249,Naryan-Mar,RU,2020-10-27 18:05:49,67.67,53.09,34.39,96,100,10.11
250,Husavik,IS,2020-10-27 18:04:42,66.04,-17.34,37.4,64,90,3.36
251,Kavaratti,IN,2020-10-27 18:05:50,10.57,72.64,81.7,75,27,6.15
252,Nouadhibou,MR,2020-10-27 18:04:55,20.93,-17.03,87.8,38,95,12.75
253,Ust-Ilimsk,RU,2020-10-27 18:05:50,58.0,102.66,28.06,98,100,2.91
254,Cap Malheureux,MU,2020-10-27 18:05:50,-19.98,57.61,72.0,76,11,3.0
255,Aboisso,CI,2020-10-27 18:05:50,5.47,-3.21,77.16,91,99,7.43
256,Pangnirtung,CA,2020-10-27 18:02:10,66.15,-65.71,14.0,61,20,5.82
257,Vila,PT,2020-10-27 18:05:51,42.03,-8.16,55.0,95,100,5.99
258,Liwale,TZ,2020-10-27 18:05:51,-9.77,37.93,75.92,57,90,7.25
259,Lata,PT,2020-10-27 18:05:51,40.16,-8.33,60.01,92,100,1.99
260,Empalme,MX,2020-10-27 18:04:43,27.97,-110.82,70.0,29,5,17.94
261,Kralendijk,BQ,2020-10-27 18:03:25,12.15,-68.27,87.8,66,75,12.75
262,Samfya,ZM,2020-10-27 18:05:51,-11.36,29.56,80.02,37,65,3.96
263,Korem,ET,2020-10-27 18:05:52,12.51,39.52,54.99,46,4,4.21
264,Maniitsoq,GL,2020-10-27 18:05:52,65.42,-52.9,22.12,87,0,6.29
265,Vila Velha,BR,2020-10-27 18:03:30,-20.33,-40.29,81.0,69,20,12.75
266,Tessalit,ML,2020-10-27 18:05:52,20.2,1.01,85.41,14,1,7.52
267,Yulara,AU,2020-10-27 18:01:09,-25.24,130.99,66.2,25,0,6.93
268,Lumberton,US,2020-10-27 18:05:53,34.62,-79.01,77.0,64,1,3.36
269,Nsoko,SZ,2020-10-27 18:05:54,-27.03,31.95,73.8,72,32,4.85
270,Leua,SK,2020-10-27 18:05:54,48.22,18.61,57.99,81,45,8.12
271,Nsanje,MW,2020-10-27 18:05:54,-16.92,35.26,81.25,49,46,6.38
272,Siimusti,EE,2020-10-27 18:05:54,58.73,26.34,53.01,93,100,13.87
273,Rawson,AR,2020-10-27 18:04:00,-43.3,-65.1,65.52,27,75,17.45
274,Inongo,CD,2020-10-27 18:05:55,-1.95,18.27,75.78,86,26,2.57
275,Yining,CN,2020-10-27 18:05:55,29.04,114.56,58.93,81,7,1.83
276,Meulaboh,ID,2020-10-27 18:05:55,4.14,96.13,76.95,86,88,2.64
277,Madras,IN,2020-10-27 18:05:55,13.09,80.28,82.4,78,75,2.24
278,Richards Bay,ZA,2020-10-27 18:05:55,-28.78,32.04,73.99,80,67,10.27
279,Panzhihua,CN,2020-10-27 18:05:55,26.59,101.71,65.88,78,7,0.69
280,Morondava,MG,2020-10-27 18:05:35,-20.28,44.28,78.82,67,0,12.77
281,Teknaf,BD,2020-10-27 18:05:56,20.86,92.31,78.3,86,13,5.82
282,Eureka,US,2020-10-27 18:03:16,40.8,-124.16,59.0,62,20,6.93
283,Haveli,PK,2020-10-27 18:05:56,30.45,73.7,68.18,23,0,2.48
284,Caucaia,BR,2020-10-27 18:01:44,-3.74,-38.65,86.0,62,20,11.41
285,Abu Dhabi,AE,2020-10-27 18:04:32,24.47,54.37,82.4,54,0,6.93
286,Santa Maria,BR,2020-10-27 18:02:10,-29.68,-53.81,71.6,60,75,8.05
287,Tautira,PF,2020-10-27 18:05:57,-17.73,-149.15,80.6,78,75,13.87
288,Kirksville,US,2020-10-27 18:05:57,40.19,-92.58,37.4,59,90,4.7
289,Lengshuitan,CN,2020-10-27 18:05:57,26.41,111.6,63.46,72,8,4.16
290,Butte,US,2020-10-27 18:05:57,39.65,-121.57,73.4,16,1,5.82
291,Talnakh,RU,2020-10-27 18:02:10,69.49,88.4,-4.29,85,11,5.23
292,Nyurba,RU,2020-10-27 18:05:58,63.28,118.33,13.98,90,100,2.71
293,Piacabucu,BR,2020-10-27 18:05:58,-10.41,-36.43,81.0,74,97,16.28
294,Calvia,ES,2020-10-27 18:05:58,39.57,2.51,62.6,55,0,4.7
295,Aklavik,CA,2020-10-27 18:05:58,68.22,-135.01,8.6,92,75,3.6
296,Palmares Do Sul,BR,2020-10-27 18:05:59,-30.26,-50.51,64.0,82,100,14.88
297,Flin Flon,CA,2020-10-27 18:03:24,54.77,-101.86,26.6,86,90,4.7
298,Biak,ID,2020-10-27 18:05:59,-0.91,122.88,77.67,75,93,3.6
299,Shelburne,CA,2020-10-27 18:05:59,44.08,-80.2,43.0,93,90,3.36
300,Saurimo,AO,2020-10-27 18:05:59,-9.66,20.39,70.56,85,52,2.91
301,Hude,DE,2020-10-27 18:06:00,53.12,8.47,52.0,99,88,10.65
302,Mahe,IN,2020-10-27 18:06:00,11.7,75.53,78.8,88,40,1.12
303,Butembo,CD,2020-10-27 18:06:00,0.15,29.28,59.86,99,95,2.28
304,Vanino,RU,2020-10-27 18:06:00,49.09,140.25,37.02,81,61,2.75
305,Noumea,NC,2020-10-27 18:06:00,-22.28,166.46,69.8,73,0,6.93
306,Safaga,EG,2020-10-27 18:06:00,26.73,33.94,78.62,63,0,1.83
307,Ostrovnoy,RU,2020-10-27 18:01:56,68.05,39.51,40.89,92,100,20.11
308,Sanquhar,GB,2020-10-27 18:06:01,55.37,-3.92,48.2,81,75,9.17
309,Adrar,MR,2020-10-27 18:02:19,20.5,-10.07,92.66,11,0,8.32
310,Toora-Khem,RU,2020-10-27 18:06:01,52.47,96.11,27.88,91,46,1.88
311,Pakxan,LA,2020-10-27 18:06:01,18.38,103.66,70.18,87,100,4.03
312,Horconcitos,PA,2020-10-27 18:06:02,8.47,-81.8,77.41,79,98,1.19
313,Honningsvag,NO,2020-10-27 18:06:02,70.98,25.97,39.36,76,69,12.28
314,Valga,EE,2020-10-27 18:06:02,57.78,26.05,53.01,93,100,13.87
315,Kruisfontein,ZA,2020-10-27 18:05:37,-34.0,24.73,64.99,90,76,6.67
316,Caravelas,BR,2020-10-27 18:06:02,-17.71,-39.25,81.52,71,74,7.76
317,Pacific Grove,US,2020-10-27 18:01:18,36.62,-121.92,66.99,31,1,7.05
318,Danilovka,RU,2020-10-27 18:06:03,50.36,44.12,38.61,69,93,10.92
319,Narrabri,AU,2020-10-27 18:06:03,-30.32,149.78,59.0,77,40,6.93
320,Half Moon Bay,US,2020-10-27 18:03:35,37.46,-122.43,69.8,24,5,8.05
321,Namibe,AO,2020-10-27 18:06:03,-15.2,12.15,70.3,79,15,7.74
322,Storforshei,NO,2020-10-27 18:06:03,66.4,14.52,39.0,100,75,2.24
323,Villa Carlos Paz,AR,2020-10-27 18:06:04,-31.42,-64.5,90.0,24,0,5.01
324,Kamenka,RU,2020-10-27 18:06:04,51.32,42.77,37.0,71,72,12.33
325,Tucumcari,US,2020-10-27 18:06:04,35.17,-103.72,24.8,73,20,10.29
326,Nuuk,GL,2020-10-27 18:01:33,64.18,-51.72,28.4,68,20,4.7
327,Christchurch,NZ,2020-10-27 18:06:04,-43.53,172.63,48.99,100,100,2.24
328,Okato,NZ,2020-10-27 18:06:04,-39.2,173.88,48.99,94,100,11.01
329,Norwich,GB,2020-10-27 18:05:08,52.63,1.3,54.0,100,75,14.99
330,West Bay,KY,2020-10-27 18:03:40,19.37,-81.42,87.8,70,40,13.87
331,Miri,MY,2020-10-27 18:06:05,4.41,114.01,75.2,94,40,3.36
332,Alizai,PK,2020-10-27 18:06:05,33.54,70.35,58.82,33,0,2.75
333,Honiara,SB,2020-10-27 18:06:05,-9.43,159.95,73.4,100,40,2.77
334,Bubaque,GW,2020-10-27 18:06:05,11.28,-15.83,83.82,76,75,10.78
335,Cockburn Town,TC,2020-10-27 18:06:05,21.46,-71.14,86.0,66,40,13.87
336,Neiafu,TO,2020-10-27 18:06:06,-18.65,-173.98,73.4,94,40,2.24
337,Kabugao,PH,2020-10-27 18:06:06,18.02,121.18,75.33,86,100,0.27
338,Lashio,MM,2020-10-27 18:04:00,22.93,97.75,64.4,96,0,1.68
339,Pevek,RU,2020-10-27 18:02:03,69.7,170.31,19.9,96,100,16.04
340,Kropotkin,RU,2020-10-27 18:06:06,45.44,40.58,57.99,67,83,13.35
341,Panaba,MX,2020-10-27 18:06:06,21.28,-88.27,79.79,91,100,15.52
342,Riyadh,SA,2020-10-27 18:06:06,24.69,46.72,71.6,37,0,5.88
343,Praia Da Vitoria,PT,2020-10-27 18:06:07,38.73,-27.07,66.2,72,75,13.42
344,Pochutla,MX,2020-10-27 18:06:07,15.74,-96.47,78.8,78,90,4.81
345,Norman Wells,CA,2020-10-27 18:02:48,65.28,-126.83,19.4,85,90,11.41
346,Casimiro De Abreu,BR,2020-10-27 18:06:07,-22.48,-42.2,82.4,69,20,9.17
347,Santa Rosa,PH,2020-10-27 18:06:07,14.31,121.11,81.0,88,20,3.36
348,Lerwick,GB,2020-10-27 18:06:08,60.15,-1.15,50.0,71,75,9.17
349,Mosquera,CO,2020-10-27 18:06:08,4.71,-74.23,69.8,49,75,4.7
350,Bandar,ID,2020-10-27 18:06:08,2.05,99.75,71.98,88,42,3.06
351,Timaru,NZ,2020-10-27 18:06:08,-44.4,171.25,44.01,90,100,2.64
352,Touros,BR,2020-10-27 18:02:00,-5.2,-35.46,86.0,58,40,13.87
353,Sile,TR,2020-10-27 18:06:08,41.18,29.61,66.99,77,3,5.01
354,Basco,PH,2020-10-27 18:04:39,20.45,121.97,81.32,85,97,21.03
355,Damghan,IR,2020-10-27 18:06:09,36.17,54.35,57.76,56,7,2.08
356,Ancud,CL,2020-10-27 18:03:03,-41.87,-73.82,53.6,66,75,14.99
357,Hammerfest,NO,2020-10-27 18:06:09,70.66,23.68,30.2,86,0,1.12
358,Khor,RU,2020-10-27 18:06:09,47.89,134.95,38.03,88,98,4.0
359,Nome,US,2020-10-27 18:03:47,64.5,-165.41,30.2,80,90,4.59
360,Matara,LK,2020-10-27 18:06:10,5.95,80.54,77.65,88,96,6.53
361,Salalah,OM,2020-10-27 18:03:24,17.02,54.09,80.6,65,0,4.7
362,Taoudenni,ML,2020-10-27 18:06:10,22.68,-3.98,89.94,12,85,7.34
363,Padang,ID,2020-10-27 18:06:10,-0.95,100.35,77.29,74,72,4.05
364,Lyuban,BY,2020-10-27 18:06:10,52.8,28.0,49.15,91,0,7.92
365,Lavrentiya,RU,2020-10-27 18:03:56,65.58,-171.0,30.04,95,100,7.94
366,Marrakesh,MA,2020-10-27 18:01:27,31.63,-8.01,73.4,46,0,3.36
367,Auki,SB,2020-10-27 18:06:10,-8.77,160.7,77.56,83,41,2.33
368,Abong Mbang,CM,2020-10-27 18:06:11,3.98,13.18,69.96,92,74,2.59
369,Launceston,AU,2020-10-27 18:06:11,-41.45,147.17,48.0,87,90,10.29
370,Nanakuli,US,2020-10-27 18:06:11,21.39,-158.15,75.2,88,1,3.36
371,Kikwit,CD,2020-10-27 18:06:11,-5.04,18.82,74.75,90,87,2.17
372,Berlevag,NO,2020-10-27 18:06:11,70.86,29.09,33.8,74,0,9.17
373,Belaya Glina,RU,2020-10-27 18:06:11,46.07,40.86,57.99,67,92,17.54
374,Taguisa,PH,2020-10-27 18:06:11,6.7,124.04,79.03,76,100,5.35
375,Hovd,MN,2020-10-27 18:04:49,48.01,91.64,31.3,79,90,1.16
376,Paramonga,PE,2020-10-27 18:06:12,-10.67,-77.83,69.39,68,77,10.07
377,Turbat,PK,2020-10-27 18:06:12,26.0,63.04,65.61,51,0,1.3
378,Ambilobe,MG,2020-10-27 18:06:12,-13.2,49.05,75.42,81,59,2.86
379,Iqaluit,CA,2020-10-27 18:06:12,63.75,-68.51,14.0,85,40,4.7
380,Ocampo,MX,2020-10-27 18:06:13,21.65,-101.5,72.9,27,48,5.64
381,Carmo Do Rio Verde,BR,2020-10-27 18:06:13,-15.35,-49.71,87.08,53,73,6.76
382,Hirara,JP,2020-10-27 18:06:13,24.8,125.28,77.4,72,28,15.05
383,Pathein,MM,2020-10-27 18:06:13,16.78,94.73,75.34,90,12,2.13
384,Lima,PE,2020-10-27 18:04:27,-12.04,-77.03,66.99,72,75,8.05
385,Saldanha,ZA,2020-10-27 18:06:13,-33.01,17.94,64.4,72,100,9.17
386,Bogorodskoye,RU,2020-10-27 18:06:14,56.55,37.88,44.24,85,20,12.21
387,Garissa,KE,2020-10-27 18:06:14,-0.45,39.64,84.09,57,51,19.42
388,Komsomolskiy,UZ,2020-10-27 18:03:39,40.43,71.72,51.8,50,98,6.93
389,Ringas,IN,2020-10-27 18:06:14,27.35,75.57,73.4,25,0,5.3
390,Nicoya,CR,2020-10-27 18:06:14,10.15,-85.45,84.2,74,40,2.24
391,Ahuimanu,US,2020-10-27 18:06:14,21.44,-157.84,77.0,88,20,2.57
392,Burewala,PK,2020-10-27 18:06:14,30.17,72.65,69.73,23,0,4.27
393,Los Llanos De Aridane,ES,2020-10-27 18:06:15,28.66,-17.92,73.4,64,75,11.41
394,Tiksi,RU,2020-10-27 18:05:56,71.69,128.87,1.8,92,86,8.55
395,Channel-Port Aux Basques,CA,2020-10-27 18:06:15,47.57,-59.14,43.38,83,99,25.17
396,Zyryanka,RU,2020-10-27 18:06:16,65.75,150.85,12.42,91,89,6.17
397,Severo-Kurilsk,RU,2020-10-27 18:04:28,50.68,156.12,42.39,85,7,7.09
398,Saint-Augustin,CA,2020-10-27 18:06:16,51.23,-58.65,36.23,76,97,4.25
399,Slobodskoy,RU,2020-10-27 18:06:16,58.73,50.18,31.14,95,99,7.76
400,Lagoa,PT,2020-10-27 18:06:16,39.05,-27.98,63.27,69,87,13.06
401,Osa,RU,2020-10-27 18:06:16,57.28,55.46,28.71,92,53,4.9
402,Bagdarin,RU,2020-10-27 18:06:16,54.43,113.6,13.42,86,0,3.04
403,Kandrian,PG,2020-10-27 18:06:17,-6.22,149.55,76.91,86,63,2.66
404,Margate,GB,2020-10-27 18:06:17,51.38,1.39,55.99,94,92,4.0
405,Erzincan,TR,2020-10-27 18:06:05,39.75,39.5,51.8,62,0,1.12
406,Tiarei,PF,2020-10-27 18:06:17,-17.53,-149.33,80.6,78,75,13.87
407,Tarnogskiy Gorodok,RU,2020-10-27 18:06:18,60.5,43.58,39.15,93,100,10.58
408,Pangoa,PE,2020-10-27 18:06:18,-12.12,-73.0,77.32,91,100,3.33
409,Luncavita,RO,2020-10-27 18:06:18,45.28,28.27,57.2,93,40,5.82
410,Champasak,LA,2020-10-27 18:06:18,14.75,106.0,70.41,85,100,2.95
411,Gorontalo,ID,2020-10-27 18:02:24,0.54,123.06,75.83,78,91,2.13
412,Parker,US,2020-10-27 18:05:24,32.77,-97.8,37.0,94,100,4.0
413,Aykhal,RU,2020-10-27 18:06:19,66.0,111.5,-8.34,89,82,4.47
414,Bichura,RU,2020-10-27 18:06:19,50.59,107.6,31.12,82,0,3.87
415,Kahului,US,2020-10-27 18:02:18,20.89,-156.47,78.8,74,1,5.82
416,Quatre Cocos,MU,2020-10-27 18:06:19,-20.21,57.76,72.0,76,10,3.0
417,Ljubuski,BA,2020-10-27 18:06:19,43.2,17.55,62.6,67,20,2.24
418,Tuatapere,NZ,2020-10-27 18:05:27,-46.13,167.68,39.0,93,14,3.51
419,Terrace,CA,2020-10-27 18:02:03,54.52,-128.6,48.2,87,90,2.24
420,Lompoc,US,2020-10-27 18:06:20,34.64,-120.46,60.8,47,1,6.93
421,Lasem,ID,2020-10-27 18:05:13,-6.69,111.45,77.74,85,100,5.91
422,Isangel,VU,2020-10-27 18:03:50,-19.55,169.27,74.01,82,27,12.86
423,Kobelyaky,UA,2020-10-27 18:06:20,49.15,34.2,53.87,52,29,11.32
424,Wajir,KE,2020-10-27 18:06:20,1.75,40.06,85.86,51,85,18.32
425,Ginir,ET,2020-10-27 18:06:20,7.13,40.7,58.24,89,51,1.72
426,Vilcun,CL,2020-10-27 18:06:20,-38.65,-72.23,59.0,58,75,13.87
427,Molchanovo,RU,2020-10-27 18:06:21,57.58,83.77,32.47,96,58,4.34
428,Doha,QA,2020-10-27 18:01:23,25.29,51.53,84.2,66,0,4.7
429,Sao Joao Da Barra,BR,2020-10-27 18:02:16,-21.64,-41.05,86.0,55,20,6.93
430,Hualmay,PE,2020-10-27 18:06:22,-11.1,-77.61,69.49,68,61,10.27
431,Alappuzha,IN,2020-10-27 18:06:22,9.49,76.33,80.19,83,100,6.82
432,Ustye,RU,2020-10-27 18:06:22,59.63,39.74,42.71,91,63,11.01
433,Imbituba,BR,2020-10-27 18:06:22,-28.24,-48.67,78.8,57,40,13.87
434,Kutum,SD,2020-10-27 18:06:22,14.2,24.67,80.69,20,0,5.59
435,Virginia Beach,US,2020-10-27 18:03:53,36.85,-75.98,64.4,88,90,5.82
436,Micco,US,2020-10-27 18:06:23,27.88,-80.5,86.0,84,0,13.82
437,Dandong,CN,2020-10-27 18:05:08,40.13,124.39,41.59,62,82,5.44
438,Tomatlan,MX,2020-10-27 18:06:23,19.93,-105.25,91.62,55,34,2.84
439,Chiang Khong,TH,2020-10-27 18:06:23,20.26,100.4,73.4,100,0,1.61
440,Rock Sound,BS,2020-10-27 18:03:03,24.9,-76.2,82.29,78,0,9.4
441,Onega,RU,2020-10-27 18:06:23,63.91,38.14,44.08,92,100,9.8
442,Sebrovo,RU,2020-10-27 18:06:23,50.1,43.3,39.99,64,100,1.01
443,Bibiani,GH,2020-10-27 18:06:24,6.46,-2.32,74.61,95,100,3.38
444,Rypefjord,NO,2020-10-27 18:06:06,70.63,23.67,30.2,86,0,1.12
445,Puerto Escondido,MX,2020-10-27 18:02:31,15.85,-97.07,78.8,74,90,6.73
446,Abashiri,JP,2020-10-27 18:06:24,44.02,144.27,45.34,70,71,3.49
447,Nikel,RU,2020-10-27 18:06:24,69.41,30.22,35.6,93,75,6.93
448,Port-Gentil,GA,2020-10-27 18:06:24,-0.72,8.78,80.6,83,75,12.75
449,Alenquer,BR,2020-10-27 18:06:25,-1.94,-54.74,87.8,70,75,6.93
450,Eenhana,NA,2020-10-27 18:06:25,-17.47,16.33,87.37,13,69,3.78
451,Edd,ER,2020-10-27 18:06:25,13.93,41.69,85.26,52,0,20.58
452,Gizo,SB,2020-10-27 18:06:25,-8.1,156.84,82.24,79,55,9.8
453,Grass Valley,US,2020-10-27 18:03:28,39.22,-121.06,64.4,23,1,4.7
454,Altay,CN,2020-10-27 18:06:25,47.87,88.12,41.11,51,9,8.28
455,Bilibino,RU,2020-10-27 18:06:26,68.05,166.44,-1.34,90,98,1.12
456,Siocon,PH,2020-10-27 18:06:26,7.71,122.14,78.1,79,100,5.48
457,Washougal,US,2020-10-27 18:06:26,45.58,-122.35,48.0,69,75,2.28
458,Kiunga,PG,2020-10-27 18:06:26,-6.12,141.29,70.88,99,100,0.47
459,Hofn,IS,2020-10-27 18:06:26,64.25,-15.21,36.68,81,100,20.47
460,Huilong,CN,2020-10-27 18:06:26,31.81,121.66,64.99,88,85,7.78
461,Zarand,IR,2020-10-27 18:03:17,30.81,56.56,49.21,41,0,3.65
462,Burnie,AU,2020-10-27 18:06:26,-41.07,145.92,51.01,72,75,5.99
463,Pechora,RU,2020-10-27 18:06:27,65.15,57.22,26.78,98,100,11.5
464,North Bend,US,2020-10-27 18:05:06,43.41,-124.22,55.99,70,1,3.36
465,Donetsk,UA,2020-10-27 18:06:27,48.0,37.8,52.75,43,59,14.63
466,Puerto Asis,CO,2020-10-27 18:06:27,0.51,-76.5,75.2,100,75,3.36
467,Podor,MR,2020-10-27 18:06:27,16.65,-14.96,100.74,8,0,13.35
468,Yen Bai,VN,2020-10-27 18:06:27,21.7,104.87,74.52,81,100,1.66
469,Ordynskoye,RU,2020-10-27 18:06:27,54.37,81.9,42.22,93,100,8.25
470,Mishelevka,RU,2020-10-27 18:06:28,52.86,103.17,29.16,96,25,4.65
471,Sorland,NO,2020-10-27 18:06:28,67.67,12.69,46.4,75,75,10.29
472,Sharlyk,RU,2020-10-27 18:06:28,52.92,54.75,30.36,91,0,7.09
473,Skibbereen,IE,2020-10-27 18:06:28,51.55,-9.27,46.4,75,40,13.87
474,Calamar,CO,2020-10-27 18:06:28,10.25,-74.91,89.6,70,40,5.82
475,Changde,CN,2020-10-27 18:06:28,29.05,111.68,62.01,10,90,7.0
476,Vestmanna,FO,2020-10-27 18:06:28,62.16,-7.17,42.8,75,33,9.17
477,Alice Springs,AU,2020-10-27 18:06:28,-23.7,133.88,57.2,30,0,5.26
478,Villarrica,PY,2020-10-27 18:06:28,-25.75,-56.43,86.56,36,12,2.59
479,Nemuro,JP,2020-10-27 18:02:12,43.32,145.57,49.51,71,58,4.16
480,Waingapu,ID,2020-10-27 18:03:04,-9.66,120.26,79.41,76,76,4.23
481,Palu,ID,2020-10-27 18:06:29,-0.89,119.87,75.7,78,100,3.29
482,Udachnyy,RU,2020-10-27 18:06:29,66.42,112.4,-6.97,89,91,3.71
483,Sebring,US,2020-10-27 18:06:29,27.5,-81.44,89.6,59,40,11.41
484,Neuquen,AR,2020-10-27 18:06:29,-38.95,-68.06,68.0,32,75,13.87
485,Bambanglipuro,ID,2020-10-27 18:06:30,-7.95,110.28,76.33,88,93,2.68
486,Shumskiy,RU,2020-10-27 18:06:30,54.83,99.13,33.67,90,77,4.74
487,Praia,CV,2020-10-27 18:02:50,14.92,-23.51,89.6,43,97,11.41
488,Jever,DE,2020-10-27 18:06:30,53.58,7.9,53.01,76,90,12.75
489,Qurbus,TN,2020-10-27 18:06:30,36.82,10.57,62.6,48,75,10.29
490,Kununurra,AU,2020-10-27 18:06:30,-15.77,128.73,78.8,88,84,1.12
491,Ndele,CF,2020-10-27 18:06:08,8.41,20.65,77.76,58,60,1.61
492,Playa Del Carmen,MX,2020-10-27 18:06:31,20.63,-87.08,84.2,83,75,9.17
493,Anloga,GH,2020-10-27 18:02:59,5.79,0.9,81.09,82,91,10.96
494,Ararat,AM,2020-10-27 18:06:31,39.83,44.7,57.2,26,42,6.93
495,Loandjili,CG,2020-10-27 18:06:31,-4.76,11.86,78.66,84,47,9.73
496,Kumluca,TR,2020-10-27 18:06:31,36.37,30.29,74.03,46,0,4.23
497,Bosaso,SO,2020-10-27 18:02:11,11.28,49.18,74.75,64,16,2.35
498,Weihai,CN,2020-10-27 18:06:32,37.5,122.11,58.28,47,100,15.01
499,Yudong,CN,2020-10-27 18:06:32,29.39,106.52,62.01,100,90,4.47
500,Tonantins,BR,2020-10-27 18:06:32,-2.87,-67.8,86.31,76,99,1.86
501,Kendari,ID,2020-10-27 18:04:12,-3.94,122.5,76.21,83,98,0.69
502,Sola,VU,2020-10-27 18:06:32,-13.88,167.55,79.14,79,59,19.1
503,Saint-Michel-Des-Saints,CA,2020-10-27 18:06:32,46.68,-73.92,31.24,90,91,4.81
504,Rio Grande,BR,2020-10-27 18:05:02,-32.03,-52.1,60.01,99,100,5.99
505,San Bartolome De Tirajana,ES,2020-10-27 18:02:07,27.92,-15.57,73.99,68,40,21.92
506,Gwanda,ZW,2020-10-27 18:06:33,-20.93,29.0,78.71,29,0,11.16
507,Mildura,AU,2020-10-27 18:05:02,-34.2,142.15,50.0,87,4,6.93
508,Fomboni,KM,2020-10-27 18:06:33,-12.28,43.74,79.29,72,0,5.57
509,Kokopo,PG,2020-10-27 18:06:33,-4.35,152.26,76.91,83,50,4.63
510,Upata,VE,2020-10-27 18:06:33,8.01,-62.4,91.99,58,65,1.01
511,Saint Anthony,US,2020-10-27 18:06:34,45.02,-93.22,30.99,50,1,12.75
512,Matagami,CA,2020-10-27 18:06:34,49.75,-77.63,26.6,79,90,8.05
513,Krasnoselkup,RU,2020-10-27 18:06:34,65.7,82.47,-0.76,89,0,12.84
514,Buckeye,US,2020-10-27 18:06:34,33.37,-112.58,63.0,15,1,5.82
515,Port Hedland,AU,2020-10-27 18:06:34,-20.32,118.57,71.6,88,40,4.7
516,Buta,CD,2020-10-27 18:06:35,2.79,24.73,72.27,96,100,1.41
517,Iquitos,PE,2020-10-27 18:06:35,-3.75,-73.25,91.4,66,75,6.93
518,Goedereede,NL,2020-10-27 18:06:35,51.82,3.98,51.01,93,99,1.99
519,Canto Do Buriti,BR,2020-10-27 18:06:35,-8.11,-42.94,78.84,82,100,3.78
520,Tigil,RU,2020-10-27 18:06:36,57.8,158.67,33.73,90,88,1.48
521,Marzuq,YE,2020-10-27 18:06:36,14.4,46.47,66.36,25,94,0.92
522,Ratnagiri,IN,2020-10-27 18:06:36,16.98,73.3,79.45,78,1,3.89
523,Comodoro Rivadavia,AR,2020-10-27 18:05:49,-45.87,-67.5,64.4,20,40,25.28
524,Ponta Delgada,PT,2020-10-27 18:02:05,37.73,-25.67,66.2,63,75,11.41
525,Kumba,CM,2020-10-27 18:06:37,4.64,9.45,75.74,88,63,4.34
526,Porto Nacional,BR,2020-10-27 18:06:37,-10.71,-48.42,77.0,88,75,4.7
527,Bagotville,AU,2020-10-27 18:06:37,-28.98,153.42,62.6,93,90,5.82
528,Henties Bay,NA,2020-10-27 18:06:37,-22.12,14.28,59.0,86,13,3.0
529,Kampene,CD,2020-10-27 18:03:12,-3.6,26.67,70.36,94,88,0.78
530,Qandala,SO,2020-10-27 18:01:58,11.47,49.87,76.66,45,56,3.24
531,Fare,PF,2020-10-27 18:06:38,-16.7,-151.02,80.42,80,65,19.06
532,Acari,PE,2020-10-27 18:06:38,-15.43,-74.62,78.73,43,79,11.63
533,Kushmurun,KZ,2020-10-27 18:06:38,52.45,64.63,28.63,95,100,23.69
534,Hudson Bay,CA,2020-10-27 18:06:38,52.85,-102.38,38.71,87,100,8.52
535,Pachora,IN,2020-10-27 18:06:38,20.67,75.35,75.33,46,0,4.94
536,Martapura,ID,2020-10-27 18:06:38,-3.42,114.85,75.2,100,40,8.05
537,Iranshahr,IR,2020-10-27 18:06:39,27.2,60.68,69.8,9,0,4.7
538,Colesberg,ZA,2020-10-27 18:06:39,-30.72,25.1,71.19,40,78,10.8
539,Beyneu,KZ,2020-10-27 18:06:27,45.32,55.2,34.21,73,0,7.52
540,Kapoeta,SS,2020-10-27 18:02:59,4.77,33.59,82.47,51,70,6.26
541,Yafran,LY,2020-10-27 18:06:39,32.06,12.53,57.99,87,41,11.72
542,Flinders,AU,2020-10-27 18:06:39,-34.58,150.86,55.99,91,48,1.01
543,Marsaxlokk,MT,2020-10-27 18:06:39,35.84,14.54,64.99,77,20,13.87
544,Cariamanga,EC,2020-10-27 18:06:40,-4.33,-79.55,87.8,38,40,6.93
545,Wilhelmshaven,DE,2020-10-27 18:06:40,53.52,8.13,53.01,76,90,12.75
